X0;X1;X2;X3;X4;X4.1;X6;X7;X8;X9;X10;X11
1;78.0;JS;Trifasico;48;4;2500000;1;1;0;4430.39;0
2;70.3;JS;Monofasico;66;0;2500000;2;0;1;15275.89;0
3;79.8;GM;Trifasico;43;0;350000;3;1;1;19460.01;0
4;90.3;JS;Trifasico;50;8;350000;2;1;1;;0
5;69.2;GM;Monofasico;82;9;800000;1;1;1;19320.11;0
6;-15.0;GM;Monofasico;22;5;2500000;3;1;0;20150.36;1
7;91.0;SC;Monofasico;79;9;350000;1;1;1;15986.83;0
8;81.2;JS;Monofasico;15;4;0;3;1;1;24669.18;0
9;66.4;SC;M;61;0;1200000;1;1;1;16538.98;0
10;78.5;JS;Trifasico;12;5;0;2;1;0;21715.95;0
11;66.4;JS;Monofasico;72;5;1200000;3;0;1;23725.94;0
12;66.4;SC;Monofasico;58;2;2500000;1;1;1;23351.67;1
13;74.9;SP;Trifasico;56;7;800000;1;1;1;10463.26;0
14;49.0;SC;Monofasico;64;0;350000;1;0;0;3348.56;0
15;51.3;JS;Monofasico;73;0;350000;4;1;1;5539.03;0
11;65.3;SC;;74;5;350000;3;1;1;2891.75;1
17;59.8;JS;Monofasico;76;9;2500000;2;1;1;3976.83;0
18;75.8;SC;Monofasico;24;0;1200000;2;0;1;5839.3;0
19;61.1;GM;Monofasico;-5;5;350000;3;1;1;9515.72;0
20;55.1;GM;Mono;77;0;0;1;1;1;14273.18;0
21;89.6;JS;Monofasico;27;5;350000;1;1;1;18224.53;1
22;69.3;JS;Trifasico;52;2;2500000;2;1;1;6456.79;0
23;250.0;SC;Trifasico;44;7;800000;1;1;1;17304.28;0
24;54.9;SC;Trifasico;67;5;0;1;1;1;18050.09;1
25;65.5;SC;Trifasico;42;0;350000;1;0;0;14627.62;1
26;73.3;SC;Trifasico;23;4;350000;1;1;1;22735.02;0
27;58.2;GM;Monofasico;43;7;150000;3;1;1;4108.38;1
28;76.5;JS;Monofasico;70;2;1200000;1;0;0;;0
29;64.8;JS;Monofasico;13;5;0;2;1;0;11573.62;0
30;68.5;SC;Trifasico;68;4;150000;1;0;0;4477.75;1
31;64.8;SC;Monofasico;38;5;800000;1;0;1;14807.96;0
32;94.2;GM;Monofasico;15;9;1200000;1;1;1;10862.41;0
33;71.8;SC;Monofasico;58;0;0;2;1;1;8188.0;0
34;59.3;SC;T;49;6;350000;2;1;0;5494.76;0
35;81.9;JS;Trifasico;74;8;0;3;1;1;9380.45;0
36;57.3;JS;Trifasico;78;1;350000;2;0;0;15787.04;0
37;74.5;JS;Trifasico;36;9;1200000;2;1;1;15030.95;0
38;48.5;JS;Trifasico;15;4;350000;2;1;1;5345.16;0
39;56.1;JS;Monofasico;22;9;800000;3;1;1;4435.62;0
40;74.4;GM;Trifasico;73;3;2500000;2;1;1;2126.9;1
41;80.9;SC;Trifasico;71;5;350000;1;1;0;1792.0;0
42;74.1;GM;Trifasico;28;5;800000;2;1;0;22175.55;0
43;70.6;SC;Trifasico;52;1;2500000;2;1;1;2559.59;0
44;68.4;JS;Trifasico;83;1;1200000;2;0;1;18683.7;0
45;54.3;XX;Trifasico;29;3;1200000;1;1;1;21991.65;1
41;63.4;JS;Trifasico;77;0;0;3;0;1;3804.36;0
47;66.5;JS;Monofasico;53;8;800000;4;0;1;11753.08;0
48;84.7;GM;Monofasico;32;6;800000;1;0;0;24114.12;0
49;76.1;JS;Trifasico;11;6;150000;3;1;0;21102.26;0
50;50.8;SC;Trifasico;31;2;150000;1;1;1;13008.04;0
51;75.9;SC;Monofasico;66;2;2500000;1;1;0;19420.42;1
52;67.4;SC;Trifasico;81;0;2500000;1;1;1;21084.37;0
53;63.9;GM;Trifasico;16;2;150000;1;1;0;;0
54;79.3;SC;Monofasico;65;2;2500000;3;1;1;22465.59;0
55;84.4;JS;Trifasico;76;3;350000;1;0;1;12556.12;0
56;83.2;JS;Monofasico;140;3;150000;1;1;1;13903.47;0
57;61.9;GM;Monofasico;60;2;800000;1;1;1;24993.13;0
58;68.3;GM;Trifasico;81;9;350000;1;1;1;21317.62;0
59;76.0;JS;Trifasico;21;7;2500000;1;1;1;10001.6;0
60;83.7;SC;Monofasico;62;7;1200000;2;0;0;1743.12;0
61;66.2;GM;Trifasico;84;0;0;1;1;1;16215.09;0
62;69.8;GM;Trifasico;14;6;150000;3;1;0;18041.97;0
63;58.7;JS;Monofasico;36;1;1200000;3;1;1;16793.86;0
64;57.6;JS;Trifasico;21;0;2500000;1;0;1;24244.77;1
65;81.8;SC;Trifasico;26;2;800000;3;1;0;21779.82;1
66;88.3;JS;Monofasico;15;3;0;1;1;1;12047.54;0
67;71.1;JS;Trifasico;14;5;1200000;1;0;1;2977.15;0
68;84.0;JS;Trif;66;9;0;1;1;1;12687.38;0
69;76.3;SC;Monofasico;37;4;150000;1;1;1;17697.23;0
70;64.3;JS;Monofasico;78;3;2500000;2;1;1;15781.18;1
71;76.3;SC;Trifasico;68;7;800000;2;1;1;14146.22;0
72;90.5;JS;Monofasico;42;3;2500000;1;1;0;12517.25;0
73;71.6;JS;Trifasico;71;9;0;2;1;1;8403.4;0
74;90.8;JS;Monofasico;59;1;1200000;1;0;1;8017.65;0
75;40.6;JS;Trifasico;28;2;150000;2;0;1;13255.44;0
76;81.9;JS;Trifasico;78;5;150000;1;0;1;5274.17;1
77;73.0;JS;Trifasico;75;7;2500000;1;1;1;9506.11;0
78;68.4;SC;Monofasico;56;7;1200000;1;1;1;9113.51;0
79;73.1;JS;Monofasico;48;8;1200000;1;1;1;15297.62;0
80;48.1;JS;Trifasico;77;6;0;2;1;1;3067.03;1
81;-50.0;SC;Trifasico;42;1;2500000;3;1;1;20997.21;0
82;76.3;JS;Monofasico;22;7;2500000;1;1;1;14715.89;0
83;89.7;GM;Trifasico;63;6;350000;2;0;1;17264.43;0
84;65.8;JS;Trifasico;16;7;2500000;2;1;0;18022.71;1
85;62.3;JS;Monofasico;23;2;150000;3;1;1;8349.88;1
86;66.0;SC;Trifasico;28;6;0;1;1;1;12553.73;0
87;83.0;JS;Monofasico;63;9;1200000;1;1;0;23971.78;0
88;75.9;SC;Trifasico;29;8;2500000;3;1;0;19517.57;0
89;65.6;JS;;38;2;0;2;0;1;24284.59;0
90;78.2;SC;Trifasico;33;9;2500000;1;1;1;19036.98;0
91;73.2;SC;Monofasico;72;5;1200000;1;1;1;5626.6;0
92;83.6;JS;Trifasico;83;1;800000;1;1;1;3016.59;0
93;63.6;SC;Monofasico;66;1;1200000;2;1;0;15075.04;0
94;68.1;SC;Trifasico;17;4;1200000;2;1;0;9908.61;0
95;67.3;GM;Monofasico;71;4;1200000;1;1;1;7973.26;0
96;54.4;GM;Trifasico;38;6;2500000;2;1;1;20469.46;0
97;75.6;SC;Trifasico;83;1;350000;2;1;1;10124.34;0
98;75.1;SC;Monofasico;26;6;1200000;2;1;0;8949.52;0
99;72.1;JS;Trifasico;75;4;150000;2;1;1;21474.71;0
100;69.2;TD;Trifasico;15;5;150000;3;1;1;21387.75;1
99;55.0;GM;Monofasico;67;7;0;1;1;1;9874.62;0
102;67.0;JS;Trifasico;78;9;350000;3;0;1;21063.72;0
103;67.9;SC;Monofasico;37;3;0;1;1;1;21493.29;0
104;62.4;JS;Trifasico;71;6;150000;1;0;1;11462.37;0
105;70.1;JS;Monofasico;50;5;150000;1;1;0;3062.12;0
106;76.8;GM;Trifasico;78;9;800000;1;0;0;;0
107;94.6;SC;Trifasico;50;1;1200000;1;0;1;13797.37;0
108;74.1;JS;Monofasico;58;7;150000;1;0;1;9585.77;0
109;75.1;SC;Monofasico;58;9;2500000;3;0;1;24932.6;0
110;71.1;SC;Trifasico;80;8;2500000;1;1;1;19651.66;0
111;49.0;JS;Trifasico;12;4;0;2;1;1;19389.97;0
112;71.7;SC;Monofasico;19;9;0;1;1;1;23948.21;0
113;72.7;SC;M;44;3;1200000;3;1;1;22361.52;1
114;101.6;SC;Monofasico;11;5;1200000;2;1;0;8977.41;0
115;69.7;JS;Monofasico;33;7;800000;1;0;0;5400.7;0
116;75.6;JS;Trifasico;83;2;350000;2;1;1;19028.47;0
117;71.6;SC;Trifasico;47;9;0;2;0;1;10389.44;1
118;58.0;JS;Monofasico;31;0;1200000;2;1;0;12619.56;0
119;85.7;JS;Trifasico;35;3;0;2;1;1;16314.35;0
120;81.0;SC;Trifasico;52;3;1200000;2;0;0;22835.01;0
121;81.5;SC;Monofasico;-12;0;150000;2;1;1;11348.56;0
122;61.1;JS;Monofasico;48;8;0;1;1;1;19907.95;1
123;88.8;JS;Monofasico;38;2;150000;1;1;1;7805.99;0
124;55.2;SC;Monofasico;29;4;0;3;1;0;17902.34;1
125;79.0;JS;Monofasico;50;5;350000;1;0;1;1537.12;0
126;98.3;JS;Trifasico;63;7;800000;1;1;1;21980.42;0
127;60.1;SC;Trifasico;29;5;2500000;1;0;1;2213.92;0
128;65.2;SC;Trifasico;28;2;2500000;1;1;0;18249.71;0
129;73.2;JS;Trifasico;75;5;2500000;4;0;1;2587.07;1
130;66.0;GM;Monofasico;39;0;150000;1;1;1;7756.77;0
131;53.4;JS;Trifasico;62;3;1200000;1;1;1;13184.26;0
132;72.8;JS;Trifasico;43;5;2500000;2;1;1;11368.56;1
133;59.3;JS;Trifasico;31;6;350000;3;1;1;6008.15;0
134;77.7;SC;Trifasico;76;9;2500000;1;1;0;9344.65;0
135;61.0;GM;Trifasico;15;2;0;1;1;0;18601.1;0
136;90.6;JS;Trifasico;36;8;150000;3;1;1;17227.54;0
137;62.6;JS;Trifasico;19;6;0;2;0;1;3187.64;0
138;68.1;JS;Trifasico;82;0;0;1;1;1;19061.92;0
139;81.8;JS;Trifasico;57;1;0;1;0;1;2746.58;0
140;57.2;JS;Monofasico;79;0;800000;1;0;1;14258.77;0
141;74.7;JS;Trifasico;68;8;800000;1;1;1;7611.47;0
142;87.7;GM;Trifasico;68;8;1200000;1;1;1;15310.72;1
143;52.7;SC;Monofasico;11;6;150000;3;1;1;7641.22;0
144;74.2;GM;Trifasico;38;9;350000;1;0;0;24646.51;0
145;75.1;SC;Monofasico;77;2;350000;2;1;1;8778.61;0
146;81.4;SC;Trifasico;74;4;350000;1;0;0;7186.07;0
147;57.2;SC;Trifasico;35;3;0;2;0;1;8043.93;0
148;56.2;JS;Monofasico;19;6;800000;2;0;1;22567.11;0
149;78.3;SC;Trifasico;62;8;150000;1;1;1;16451.14;1
150;75.6;JS;Monofasico;68;1;0;2;1;1;18671.08;0
151;310.0;SC;Trifasico;31;7;800000;1;0;0;23073.25;0
152;76.2;JS;Monofasico;60;8;800000;3;1;1;22929.0;0
153;63.8;JS;Trifasico;57;9;2500000;3;0;1;18865.23;0
154;74.8;JS;Trifasico;30;9;2500000;1;1;1;6148.87;0
155;75.5;JS;Monofasico;31;8;150000;1;1;1;21319.27;1
156;63.4;GM;Trifasico;39;9;150000;1;1;1;6288.74;0
157;94.4;JS;Trifasico;34;6;150000;2;1;1;18958.12;1
158;77.7;JS;Monofasico;37;8;0;1;1;1;17611.67;0
159;57.7;JS;Monofasico;74;8;1200000;1;1;0;19333.89;0
160;79.9;SC;Trifasico;54;2;150000;1;1;1;14018.11;0
161;60.3;JS;Monofasico;77;3;2500000;1;1;1;16510.07;0
162;81.4;JS;Monofasico;16;1;1200000;2;1;1;23903.02;0
163;85.9;JS;Monofasico;58;9;0;1;0;1;3875.58;0
164;62.2;GM;Trifasico;18;2;1200000;2;1;1;8757.91;0
165;83.6;JS;Monofasico;45;4;350000;1;1;1;15866.89;0
166;77.0;JS;Trifasico;10;4;1200000;1;0;1;24155.27;0
167;81.9;JS;Monofasico;19;5;150000;2;1;1;3746.0;1
168;94.8;JS;Trifasico;45;6;0;4;1;1;2029.91;0
169;69.1;JS;Trifasico;82;6;150000;2;1;0;2810.12;0
170;63.0;JS;Monofasico;55;0;2500000;1;1;1;2731.53;0
171;61.3;JS;Trifasico;41;1;350000;1;1;1;22833.67;0
172;62.2;JS;Monofasico;41;8;2500000;3;1;1;18449.56;0
173;71.1;SC;Monofasico;15;9;150000;1;1;0;17412.0;0
174;76.1;JS;Monofasico;57;1;150000;1;1;1;13780.46;0
175;75.3;GM;Trifasico;47;5;150000;3;1;0;19875.89;0
176;81.9;JS;Monofasico;26;0;800000;3;1;0;5157.73;0
177;72.2;JS;Trifasico;83;2;350000;4;1;0;10710.62;0
178;89.4;SC;Trifasico;36;1;150000;3;1;1;13015.1;0
179;68.8;SC;Monofasico;63;2;150000;3;1;0;4094.62;0
180;104.6;SC;Trifasico;59;4;2500000;1;0;1;11358.57;0
181;79.5;JS;Trifasico;44;9;2500000;1;0;1;8937.79;0
182;61.7;JS;Monofasico;34;5;150000;2;1;1;2336.18;0
183;59.1;JS;Trifasico;37;8;0;2;1;1;4713.28;0
184;77.8;SC;Trifasico;24;9;800000;1;0;1;19454.87;0
185;69.3;JS;Monofasico;13;3;2500000;1;0;1;1923.89;0
186;80.6;JS;Trifasico;82;6;0;1;0;1;23454.95;0
187;77.7;GM;Monofasico;36;5;800000;2;1;1;3530.98;0
188;71.1;SC;Monofasico;35;1;150000;1;0;1;20282.1;0
189;61.8;JS;Monofasico;28;9;350000;1;1;0;22617.49;0
190;53.8;JS;Monofasico;26;7;1200000;2;1;1;;0
191;66.6;GM;Trifasico;52;6;1200000;2;1;1;21885.71;0
192;82.3;JS;Trifasico;50;6;150000;1;1;1;8257.43;1
193;74.6;JS;Monofasico;51;7;2500000;2;0;1;9327.55;0
194;57.1;JS;Monofasico;59;0;0;2;1;1;11523.82;0
195;74.1;GM;Trifasico;49;0;350000;1;1;1;4773.47;0
196;76.6;SC;Trifasico;48;7;800000;1;1;1;2023.4;0
197;61.4;JS;Trifasico;32;3;150000;1;1;1;21924.36;0
198;73.8;SC;Trifasico;61;4;350000;1;1;1;14522.02;0
199;72.7;JS;Monofasico;56;7;350000;3;0;1;15804.99;0
200;58.3;JS;Trifasico;72;4;2500000;1;1;1;23284.23;1
201;76.3;SC;;78;9;800000;2;0;1;17130.32;1
202;78.7;GM;Monofasico;52;3;350000;1;1;1;17735.06;0
203;85.0;GM;Trifasico;57;5;2500000;1;0;1;19993.76;1
204;84.6;SC;Monofasico;43;4;0;2;1;1;4234.19;0
205;55.5;SC;Trifasico;49;6;2500000;1;1;1;9963.81;0
206;60.7;JS;Monofasico;84;9;0;1;0;0;24252.89;0
207;78.2;SC;Monofasico;70;6;0;1;1;1;23188.86;0
208;78.2;JS;Monofasico;59;3;350000;1;0;1;22275.77;0
209;78.2;JS;Monofasico;76;4;2500000;2;0;1;12124.08;1
210;118.2;GM;Trifasico;71;2;0;1;1;1;21644.03;0
211;78.9;RP;Trifasico;67;3;800000;3;1;1;2637.3;0
212;85.6;JS;Monofasico;42;3;350000;2;1;1;4990.16;1
213;83.4;SC;Trifasico;84;2;2500000;1;0;1;11228.24;0
214;79.8;JS;Trifasico;25;9;2500000;1;1;1;12859.71;0
215;68.2;SC;Trifasico;57;4;1200000;1;1;1;7692.42;0
216;81.1;JS;Monofasico;19;4;2500000;2;1;1;9877.2;0
217;62.7;JS;Trifasico;47;6;350000;1;1;1;5325.24;0
218;69.2;SC;Monofasico;28;3;800000;3;1;1;12994.65;0
219;66.2;SC;Monofasico;45;3;2500000;1;1;1;20155.32;0
220;73.0;JS;Trifasico;68;8;1200000;3;1;1;17041.97;1
221;99.8;SC;Trifasico;72;5;350000;1;1;1;4033.12;1
222;49.6;JS;Trifasico;55;3;0;3;1;1;12958.17;0
223;80.2;JS;Monofasico;12;1;150000;1;0;1;17894.69;0
224;52.6;JS;Trifasico;83;5;150000;1;1;1;13952.54;0
225;66.3;SC;Trifasico;74;1;0;1;1;1;10704.38;1
226;85.1;JS;Trifasico;17;4;2500000;1;0;1;16114.99;0
227;72.8;SC;Monofasico;60;5;150000;4;0;1;24263.01;0
228;59.1;SC;Trifasico;82;3;150000;1;1;1;3730.34;0
229;63.4;JS;Monofasico;15;2;0;1;0;0;10665.38;1
230;80.2;SC;Monofasico;48;6;2500000;2;1;1;11055.24;0
231;63.2;GM;Trifasico;69;1;2500000;1;1;1;15058.73;0
232;74.6;SC;Monofasico;37;5;0;2;1;0;5076.1;0
233;72.5;SC;Trifasico;63;3;2500000;2;0;0;5651.11;0
234;64.2;SC;Monofasico;46;5;2500000;1;1;1;8205.99;0
235;97.7;SC;Monofasico;18;3;350000;3;1;1;;0
236;79.6;JS;Monofasico;65;3;350000;1;1;1;18751.55;0
237;47.7;SC;Trifasico;68;3;0;1;1;1;17049.79;0
238;74.2;JS;Trifasico;11;8;800000;2;1;1;20698.51;0
239;64.1;JS;Trifasico;70;6;150000;2;1;1;4498.05;0
240;82.2;GM;Trifasico;67;2;350000;1;1;1;21694.32;0
241;62.5;JS;Trifasico;69;2;150000;2;1;1;15478.57;0
242;70.6;SC;Trifasico;49;5;1200000;1;1;1;9380.23;0
243;78.1;JS;Trifasico;45;5;0;1;0;1;20672.6;0
244;82.4;JS;Trifasico;46;3;800000;3;1;1;20360.27;0
245;57.6;JS;Monofasico;27;8;1200000;1;1;1;21374.15;0
246;68.0;GM;Trifasico;72;3;1200000;1;1;0;4214.67;0
247;66.3;SC;Trifasico;31;8;2500000;3;1;1;24279.99;1
248;64.2;JS;Trifasico;20;3;1200000;4;0;1;24051.21;0
249;93.2;JS;Trifasico;67;1;0;1;0;1;9900.54;0
250;76.9;JS;Monofasico;66;1;350000;2;0;1;3048.51;0
246;56.9;SC;Trifasico;13;4;0;2;0;1;5425.81;0
252;83.0;SC;Monofasico;16;3;350000;3;1;1;24831.52;1
253;97.5;JS;Monofasico;70;6;1200000;3;0;1;14730.8;0
254;84.4;SC;Monofasico;63;4;1200000;1;0;1;9880.61;0
255;53.8;SC;Monofasico;77;5;800000;1;1;1;8272.76;0
256;66.2;SC;Monofasico;10;9;350000;1;1;1;7539.31;0
257;87.2;JS;Monofasico;64;3;1200000;2;1;0;17107.59;0
258;63.5;JS;Monofasico;12;1;2500000;2;1;1;11355.61;1
259;77.3;JS;Monofasico;47;9;150000;2;1;1;24187.15;1
260;81.3;JS;Monofasico;10;8;800000;4;0;1;17570.31;0
261;60.9;JS;Trifasico;47;9;0;1;1;1;20113.05;0
262;71.3;JS;Monofasico;38;6;800000;1;0;1;8379.43;0
263;33.1;JS;Trifasico;14;3;150000;1;1;1;3360.88;0
264;59.7;JS;Trifasico;83;2;350000;1;1;1;12963.84;0
265;69.0;JS;Trifasico;30;9;0;1;1;1;8892.67;0
266;57.0;GM;Trifasico;80;2;0;1;1;0;6248.95;1
267;91.6;JS;Trifasico;76;8;350000;2;1;1;23887.09;0
268;54.8;SC;Trifasico;56;4;800000;3;0;1;11933.72;0
269;66.7;JS;Monofasico;44;2;1200000;2;1;1;5605.65;1
270;73.6;SC;Trifasico;77;4;800000;2;1;1;6168.29;0
271;89.3;SC;Monofasico;78;1;150000;1;1;1;8096.68;0
272;54.8;JS;Trifasico;10;3;2500000;2;0;1;24983.93;0
273;86.0;SC;Trifasico;77;9;1200000;2;1;1;7798.27;0
274;72.1;GM;Monofasico;21;1;800000;2;1;1;9226.84;0
275;60.2;SC;Monofasico;69;1;2500000;1;1;1;16994.21;0
276;77.5;SC;Trifasico;36;7;2500000;1;1;1;8408.09;0
277;74.4;SC;Monofasico;65;0;350000;1;1;1;6571.4;0
278;64.8;JS;Monofasico;32;6;150000;2;1;1;5227.97;1
279;72.8;JS;Trifasico;34;4;150000;3;1;1;8848.04;0
280;67.4;GM;Trifasico;30;7;150000;3;1;1;3989.02;0
281;73.4;JS;Monofasico;70;0;1200000;1;1;1;1938.19;0
282;79.9;GM;Monofasico;72;6;0;2;1;1;20409.08;0
283;91.0;JS;Trifasico;61;4;1200000;3;0;1;4740.53;0
284;57.1;SC;Monofasico;34;3;800000;1;0;1;19735.46;0
285;97.6;SC;Trifasico;64;6;2500000;1;1;1;20242.25;0
286;48.6;JS;Trifasico;55;9;2500000;3;0;1;14141.11;0
287;70.2;JS;Trifasico;41;1;0;1;1;1;8777.53;0
288;79.1;JS;Monofasico;64;0;800000;3;1;0;4908.27;0
289;75.4;JS;Monofasico;14;0;0;4;1;1;18814.92;0
290;64.5;SC;Monofasico;45;0;2500000;2;1;1;15632.59;0
291;69.5;JS;Trifasico;58;4;1200000;3;1;1;16903.16;0
292;66.1;GM;Trifasico;67;9;150000;2;0;1;1703.72;0
293;64.9;JS;Trifasico;48;6;2500000;2;1;1;23296.65;0
294;82.2;JS;Monofasico;70;1;350000;1;1;1;3057.82;1
295;76.3;JS;Trifasico;18;9;150000;1;1;1;10119.94;0
296;63.7;JS;Trifasico;15;7;2500000;1;1;1;10963.72;0
297;82.8;JS;Monofasico;44;3;1200000;2;1;0;1531.85;0
298;75.7;JS;Trifasico;48;2;0;1;0;1;13181.6;1
299;81.8;GM;Monofasico;31;9;150000;1;1;1;19191.01;0
300;79.6;JS;Trifasico;50;7;1200000;1;1;1;20846.81;0
301;62.1;SC;Monofasico;180;1;800000;2;0;1;22165.83;0
302;65.3;SC;Trifasico;51;2;350000;4;1;1;12961.39;0
303;81.0;GM;Monofasico;76;2;150000;4;1;1;16319.95;0
304;79.3;GM;Trifasico;39;9;0;1;1;1;3368.71;1
305;71.7;SC;Trifasico;66;0;800000;3;0;1;12968.9;0
306;73.4;SC;Trifasico;82;5;1200000;2;0;1;5138.17;0
307;87.3;SC;Trifasico;38;1;350000;2;1;1;10186.61;0
308;64.9;SC;Trifasico;46;0;0;2;0;1;9238.67;1
309;78.6;SC;Monofasico;22;1;1200000;1;1;1;11453.2;0
310;69.6;JS;Trifasico;41;5;1200000;3;1;1;14933.46;0
311;69.4;GM;Monofasico;55;3;150000;1;1;0;22717.6;0
312;85.2;JS;Monofasico;32;5;150000;1;1;1;10770.39;1
313;81.9;SC;Monofasico;54;8;0;2;1;0;;1
314;81.8;SC;Trifasico;26;9;2500000;1;0;1;19337.16;0
315;87.7;SC;Trifasico;75;9;2500000;1;1;1;13519.8;0
316;72.3;JS;Monofasico;15;7;1200000;2;1;0;16634.62;0
317;80.2;JS;Monofasico;27;0;150000;1;1;1;3902.27;1
318;68.3;JS;Trifasico;31;7;350000;2;1;0;21346.26;0
319;75.9;SC;Trifasico;42;8;350000;2;1;1;15185.4;0
320;70.4;JS;Trifasico;39;5;1200000;2;1;1;24672.59;0
321;73.2;JS;Monofasico;41;9;150000;2;0;1;16456.08;1
322;79.1;JS;Trifasico;51;4;0;2;0;1;21101.62;0
323;62.2;SC;Trifasico;19;5;0;2;1;0;20294.42;0
324;97.1;JS;Monofasico;45;5;0;2;1;1;9618.34;1
325;59.9;JS;Trifasico;43;8;350000;2;1;0;7600.85;0
326;57.4;JS;Trifasico;82;3;150000;2;1;1;11616.6;0
327;85.9;GM;Monofasico;37;1;150000;3;1;0;12480.17;1
328;81.5;SC;Monofasico;20;8;350000;1;1;1;7141.99;1
329;79.5;SC;Trifasico;48;1;0;1;1;1;22523.05;1
330;79.5;SC;Trifasico;56;9;0;3;0;1;14249.87;0
331;71.9;JS;Trifasico;28;8;1200000;1;1;1;24493.44;0
332;61.2;GM;Trifasico;24;1;2500000;1;1;1;20535.42;1
333;72.9;GM;Monofasico;37;7;800000;2;0;0;14559.06;0
334;63.9;JS;Trifasico;33;8;2500000;1;1;0;23755.45;1
335;83.7;JS;Trifasico;81;9;150000;1;1;1;13364.56;1
336;70.2;GM;Trifasico;18;8;150000;4;0;1;22347.0;0
337;62.1;JS;Monofasico;56;9;150000;2;1;1;9916.4;1
338;68.1;JS;Trifasico;42;8;2500000;1;1;0;10398.1;0
339;77.0;JS;Monofasico;71;1;800000;4;0;1;11326.07;0
340;65.2;JS;Trifasico;28;3;1200000;4;1;1;14345.7;0
341;62.1;GM;Monofasico;76;6;2500000;1;0;1;14507.02;0
342;74.9;GM;Monofasico;83;1;800000;1;1;1;13165.37;0
343;74.9;JS;Trifasico;49;0;0;3;0;0;8691.02;0
344;65.9;JS;Trifasico;56;2;0;2;1;1;23289.35;0
345;66.3;JS;Trifasico;74;3;150000;2;1;1;15331.77;1
346;74.8;SC;Trifasico;38;7;350000;3;0;1;11081.87;1
347;54.6;GM;Trifasico;59;5;150000;2;1;0;16802.66;0
348;55.1;SC;Trifasico;22;1;350000;1;1;1;19547.22;0
349;63.4;SC;Trifasico;10;8;800000;2;1;1;24077.11;0
350;69.4;JS;Monofasico;43;1;0;1;1;1;13239.41;1
351;75.7;JS;Trifasico;57;4;2500000;2;1;1;4134.31;0
352;89.7;JS;Monofasico;57;3;350000;2;0;0;11858.0;0
353;82.3;JS;Trifasico;58;6;800000;1;0;0;12755.81;1
354;70.1;SC;Monofasico;73;7;0;2;1;1;22579.36;0
355;71.8;GM;Monofasico;70;4;2500000;1;1;0;10777.82;1
356;60.0;JS;Trifasico;38;9;350000;1;1;1;23903.12;1
357;71.8;JS;Monofasico;48;4;150000;2;1;1;12900.6;1
358;68.5;GM;Trifasico;35;1;150000;1;1;1;24383.84;0
359;75.9;SC;Trifasico;26;7;150000;2;1;1;1692.66;0
360;62.1;JS;Monofasico;80;1;800000;1;1;1;22622.16;1
361;78.2;SC;Trifasico;22;9;150000;2;0;1;23381.33;0
362;90.4;SC;Trifasico;78;5;1200000;3;1;0;24083.99;0
363;70.7;SC;Monofasico;35;7;0;2;1;1;1807.3;0
364;76.8;JS;Monofasico;58;5;800000;1;1;1;5534.97;0
365;80.3;JS;Monofasico;76;3;2500000;4;0;1;16863.47;0
366;67.2;JS;Trifasico;16;3;150000;1;1;1;2098.61;0
367;74.7;SC;Monofasico;67;5;0;1;1;0;2994.81;0
368;72.2;JS;Trifasico;58;3;350000;1;0;1;6695.35;0
369;73.2;SC;Monofasico;62;7;150000;1;1;1;13542.33;0
370;62.7;GM;Monofasico;74;8;0;4;1;1;14328.71;0
371;72.3;JS;Monofasico;71;0;1200000;1;1;1;2305.14;0
372;78.0;SC;Monofasico;26;3;350000;2;1;1;5503.63;0
373;89.4;JS;Trifasico;52;3;1200000;2;1;1;13243.08;0
374;83.5;JS;Monofasico;34;1;2500000;1;0;1;15457.6;0
375;97.8;SC;Monofasico;12;5;0;2;0;1;4987.44;0
376;62.8;JS;Trifasico;38;2;1200000;1;1;1;10872.77;0
377;82.5;SC;Monofasico;41;6;2500000;1;1;0;22753.43;0
378;74.2;JS;Trifasico;35;4;0;1;0;1;24974.13;0
379;98.3;JS;Monofasico;25;3;0;3;1;1;24699.54;0
380;62.3;JS;Monofasico;34;4;1200000;4;1;1;22219.35;0
381;61.9;SC;Monofasico;63;7;0;1;1;1;10774.51;1
382;64.8;SC;Trifasico;37;2;150000;1;0;1;17634.5;0
383;46.5;JS;Monofasico;82;6;0;2;1;0;11289.92;1
384;65.7;JS;Trifasico;65;5;800000;1;0;1;16740.39;0
385;62.9;JS;Monofasico;74;0;2500000;3;1;1;8771.66;0
386;73.8;SC;Trifasico;50;6;0;2;1;1;15745.75;0
387;76.1;GM;Trifasico;60;6;800000;1;1;1;13808.32;0
388;94.5;JS;Monofasico;80;0;0;3;0;0;2075.29;0
389;83.4;SC;Trifasico;38;8;0;1;0;1;20081.52;0
390;65.1;SC;Monofasico;28;5;1200000;3;1;1;1779.6;0
391;61.2;JS;Monofasico;75;1;150000;3;1;0;8389.16;0
392;77.9;SC;Monofasico;50;4;2500000;1;1;1;1639.22;0
393;56.2;JS;Monofasico;54;3;150000;1;1;1;10340.73;0
394;94.0;JS;Trifasico;24;6;350000;4;1;1;2984.27;1
395;86.2;SC;Trifasico;12;7;1200000;3;1;1;22967.51;0
396;66.4;JS;Trifasico;20;0;1200000;1;0;1;11268.46;0
397;51.4;SC;Trifasico;62;4;150000;3;0;0;12298.15;0
398;88.2;SC;Trifasico;55;2;1200000;1;0;0;9721.48;0
399;70.6;JS;Monofasico;39;0;150000;1;1;1;16246.39;0
400;86.9;JS;Monofasico;66;2;1200000;3;1;1;19933.59;0
401;52.9;SC;Trifasico;27;5;0;1;1;1;16731.45;0
402;64.8;JS;Monofasico;60;6;150000;3;0;1;19082.87;1
403;72.1;SC;Monofasico;57;7;150000;1;0;0;22790.38;0
404;72.6;GM;Monofasico;75;3;800000;2;0;1;21793.34;1
405;66.6;JS;Monofasico;17;2;1200000;1;1;0;17340.37;1
406;79.5;JS;Trifasico;31;4;1200000;2;1;0;6543.99;1
407;59.2;SC;Trifasico;15;8;150000;2;1;1;16486.02;0
408;70.3;GM;Trifasico;66;5;0;1;0;1;13392.95;0
409;73.4;JS;Trifasico;45;8;0;2;0;1;18354.65;0
410;78.2;JS;Monofasico;66;5;2500000;1;0;1;21073.89;0
411;80.5;SC;Monofasico;58;1;0;1;0;0;18953.96;0
412;58.5;JS;Trifasico;54;4;1200000;3;1;0;21394.19;0
413;53.6;SC;Trifasico;75;8;800000;1;0;1;3000.86;0
414;87.3;GM;Monofasico;54;7;150000;2;1;0;2243.07;0
415;76.0;JS;Trifasico;29;6;350000;2;1;1;7574.76;0
416;63.0;SC;Trifasico;73;0;800000;2;1;0;22665.65;0
417;90.6;JS;Monofasico;76;3;350000;1;1;1;20855.99;0
418;73.4;SC;Trifasico;12;6;800000;1;1;0;17544.09;0
419;86.2;JS;Trifasico;63;6;0;1;0;0;17967.83;0
420;72.8;JS;Trifasico;73;5;1200000;2;1;1;18576.76;0
421;96.7;GM;Monofasico;49;7;350000;3;1;1;23651.16;0
422;93.1;JS;Monofasico;68;5;800000;2;0;0;21056.49;0
423;69.0;SC;Trifasico;64;9;1200000;1;1;1;16149.67;0
424;83.7;JS;Trifasico;71;2;350000;1;1;1;17144.31;0
425;79.7;JS;Trifasico;13;3;150000;1;1;1;6522.9;0
426;88.4;JS;Monofasico;69;2;800000;1;0;1;16946.99;0
427;60.4;SC;Monofasico;84;0;150000;1;0;0;11479.96;0
428;80.2;JS;Trifasico;39;9;0;1;1;1;5094.6;0
429;84.7;GM;Monofasico;11;4;150000;1;0;1;20450.47;0
430;50.9;JS;Trifasico;71;0;150000;1;1;1;13490.81;1
431;57.8;GM;Trifasico;58;0;2500000;1;1;1;24469.49;0
432;47.5;SC;Trifasico;18;1;800000;1;0;1;8119.46;1
433;68.8;JS;Trifasico;40;3;0;1;1;1;12795.75;0
434;80.6;SC;Trifasico;70;5;150000;1;1;1;12027.89;0
435;90.0;JS;Trifasico;57;7;1200000;2;0;1;4338.32;0
436;72.9;JS;Trifasico;34;2;350000;1;1;0;11513.71;0
437;91.5;JS;Monofasico;45;0;150000;1;1;1;8257.51;0
438;55.4;SC;Trifasico;17;2;0;1;1;0;5267.53;0
439;51.6;JS;Monofasico;82;2;150000;1;1;1;8130.66;0
440;71.3;SC;Monofasico;67;4;350000;1;1;1;6981.41;0
441;76.6;GM;Trifasico;54;3;0;1;1;1;18750.73;0
442;71.6;JS;Trifasico;71;3;800000;2;1;1;2223.22;1
443;47.2;SC;Trifasico;48;8;0;1;1;0;16010.37;0
444;70.9;GM;Trifasico;67;6;800000;1;1;0;19375.54;0
445;56.3;SC;Trifasico;73;3;0;3;1;1;12797.0;0
446;80.0;SC;Monofasico;53;2;350000;1;0;0;23391.78;0
447;76.4;JS;Monofasico;38;5;350000;1;1;1;18135.2;1
448;60.7;JS;Trifasico;68;2;0;3;1;1;19076.21;1
449;65.8;JS;Monofasico;80;5;150000;3;0;1;6127.94;0
450;59.3;GM;Trifasico;18;8;350000;1;1;1;19766.45;0
451;71.2;JS;Monofasico;15;5;800000;1;0;1;;0
452;83.5;SC;Monofasico;38;3;800000;1;0;1;9989.76;0
453;60.2;GM;Monofasico;67;4;1200000;1;1;1;6514.03;1
454;78.0;JS;Trifasico;26;5;2500000;2;1;1;10548.69;0
455;65.6;SC;Trifasico;25;2;2500000;1;0;1;18880.79;0
456;62.5;SC;Monofasico;12;7;2500000;1;1;0;11314.52;0
457;70.7;SC;Trifasico;30;3;800000;3;1;0;18811.32;0
458;59.6;JS;Monofasico;73;7;1200000;4;0;1;4168.77;1
459;65.4;SC;Trifasico;45;9;2500000;1;1;1;20441.28;0
460;57.6;JS;Trifasico;71;9;2500000;2;1;1;7450.38;0
461;95.6;JS;Trifasico;51;2;0;1;1;1;7349.83;0
462;72.4;JS;Trifasico;51;9;0;3;1;1;15373.95;0
463;63.6;JS;Monofasico;70;6;0;1;1;1;3147.77;0
464;74.6;GM;Trifasico;22;8;150000;1;0;1;2118.0;1
465;70.7;JS;Trifasico;20;3;2500000;1;0;1;7634.17;0
466;69.3;JS;Trifasico;63;7;150000;1;1;1;14144.59;0
467;79.4;GM;Trifasico;25;2;1200000;1;1;1;22828.99;0
468;81.1;SC;Trifasico;17;6;800000;2;0;1;21391.23;0
469;65.6;JS;Trifasico;68;2;2500000;2;1;1;13025.49;1
470;65.1;JS;Monofasico;66;6;800000;1;1;1;2370.72;0
471;68.7;JS;Trifasico;49;9;0;1;0;1;14078.44;0
472;44.4;JS;Trifasico;68;9;2500000;1;0;1;18062.7;0
473;53.8;JS;Trifasico;11;5;350000;3;1;1;9470.37;0
474;88.4;SC;Trifasico;19;1;150000;3;1;1;4109.99;0
475;91.7;JS;Monofasico;53;2;150000;4;0;1;8046.35;0
476;69.0;JS;Trifasico;20;5;2500000;3;1;1;19632.34;0
477;78.9;JS;Trifasico;11;3;0;1;1;1;9754.23;0
478;75.7;GM;Monofasico;59;5;150000;1;1;1;20581.57;0
479;108.9;JS;Trifasico;21;0;0;2;0;1;9008.75;1
480;85.4;SC;Trifasico;32;9;1200000;3;1;1;5343.54;0
481;70.5;SC;Monofasico;27;0;800000;1;1;1;11742.44;0
482;60.5;GM;Monofasico;71;2;350000;1;1;1;12128.45;0
483;52.7;SC;Monofasico;71;7;800000;3;1;1;1878.54;0
484;74.4;JS;Trifasico;47;7;800000;1;1;1;4250.56;0
485;62.9;JS;Trifasico;76;3;1200000;1;1;1;5845.76;0
486;54.9;SC;Trifasico;47;5;150000;2;1;1;4169.3;0
487;64.2;GM;Trifasico;76;7;350000;1;0;1;9525.86;0
488;59.0;SC;Monofasico;70;6;150000;1;0;1;24168.64;0
489;92.2;SC;Trifasico;10;6;2500000;2;1;1;13466.73;0
490;82.6;SC;Monofasico;54;3;800000;2;0;1;16247.57;0
491;71.9;JS;Monofasico;37;8;2500000;4;0;1;9875.08;0
492;89.8;SC;Trifasico;30;9;0;1;1;0;9101.96;0
493;72.9;SC;Trifasico;22;5;800000;1;0;1;2043.95;0
494;61.7;JS;Monofasico;36;2;150000;2;0;1;13257.84;1
495;90.3;GM;Trifasico;16;4;800000;2;0;0;12864.81;1
496;78.5;SC;Monofasico;31;4;0;1;1;1;5209.02;0
497;59.6;SC;Trifasico;83;4;1200000;2;1;1;19461.61;0
498;69.7;JS;Trifasico;62;7;2500000;1;1;1;13077.85;0
499;61.5;SC;Monofasico;13;8;2500000;1;1;1;9466.36;0
500;55.4;JS;Monofasico;32;8;150000;1;1;1;4952.36;1
491;83.1;SC;Trifasico;79;5;800000;1;1;1;14475.78;0
502;94.9;JS;Monofasico;42;5;150000;1;1;1;19191.2;0
503;55.2;JS;Trifasico;37;8;1200000;2;1;1;8126.98;0
504;78.8;JS;Monofasico;17;3;800000;2;1;1;6641.67;0
505;64.2;JS;Monofasico;10;5;800000;3;0;1;13765.47;0
506;66.2;JS;Trifasico;46;3;150000;1;0;1;5150.57;0
507;64.9;SC;Trifasico;72;0;150000;1;0;1;17165.41;0
508;61.6;SC;Monofasico;31;6;0;1;1;1;15725.58;0
509;72.6;SC;Trifasico;79;9;1200000;1;1;1;3546.43;0
510;62.0;JS;Monofasico;30;5;0;2;1;1;2358.23;0
511;75.2;JS;Trifasico;44;8;2500000;2;0;1;16076.78;0
512;71.4;JS;Monofasico;14;6;800000;2;1;1;8415.9;0
513;69.1;JS;Monofasico;69;6;150000;1;1;1;3531.48;1
514;61.1;JS;Monofasico;55;1;800000;1;1;1;19346.57;0
515;65.1;GM;Trifasico;59;8;800000;1;1;0;8880.03;0
516;81.1;SC;Monofasico;57;9;350000;1;1;1;12300.59;0
517;78.0;JS;Monofasico;15;8;2500000;2;1;1;7065.1;0
518;60.3;JS;Trifasico;65;5;350000;4;1;1;16241.95;0
519;73.2;GM;Trifasico;68;2;800000;1;1;1;8584.98;0
520;81.0;SC;Trifasico;38;0;150000;2;0;1;24248.49;1
521;52.0;JS;Monofasico;80;3;800000;2;0;1;18019.27;0
522;78.5;JS;Trifasico;27;2;2500000;1;1;1;4712.97;1
523;64.0;JS;Trifasico;11;0;350000;2;0;0;11292.33;1
524;78.8;JS;Monofasico;17;2;150000;1;1;1;10557.4;1
525;62.8;JS;Trifasico;84;3;800000;1;0;1;14054.81;0
526;50.3;SC;Trifasico;63;7;1200000;2;1;1;21285.37;0
527;52.5;JS;Monofasico;47;8;2500000;3;1;0;15210.42;0
528;72.6;JS;Monofasico;57;2;2500000;1;1;1;2946.58;0
529;75.1;SC;Trifasico;36;5;1200000;1;1;0;16902.27;0
530;61.1;SC;Trifasico;29;9;800000;3;1;1;1694.23;0
531;79.7;SC;Monofasico;21;4;2500000;3;1;1;19829.07;0
532;52.1;JS;Trifasico;52;5;150000;2;0;1;17165.95;1
533;71.2;JS;Trifasico;70;3;800000;1;1;1;8756.46;0
534;57.5;JS;Trifasico;40;9;800000;3;0;1;8372.38;0
535;64.2;SC;Trifasico;70;5;350000;1;1;1;20259.42;0
536;72.6;JS;Monofasico;83;6;2500000;2;1;1;19908.41;0
537;61.7;SC;Trifasico;76;8;2500000;1;1;1;9779.11;0
538;67.4;JS;Monofasico;44;9;1200000;2;1;1;8525.27;1
539;84.1;SC;Monofasico;24;6;350000;1;1;0;14655.88;0
540;65.1;JS;Trifasico;25;5;350000;1;1;1;1696.59;0
541;82.0;JS;Monofasico;22;0;2500000;1;1;1;3442.68;1
542;58.4;SC;Monofasico;44;1;800000;1;1;1;4464.99;0
543;78.4;JS;Trifasico;84;0;350000;2;1;1;5857.18;0
544;89.3;SC;Trifasico;68;8;1200000;3;1;0;13532.43;1
545;42.3;JS;Monofasico;30;9;350000;4;1;1;24817.68;0
546;62.4;JS;Monofasico;63;9;1200000;1;1;0;16836.41;0
547;78.9;SC;Monofasico;84;8;350000;2;1;1;2940.52;0
548;69.6;GM;Trifasico;39;6;1200000;2;1;1;13851.12;0
549;76.5;JS;Monofasico;57;1;350000;1;1;1;13171.16;1
550;64.8;JS;Trifasico;44;5;350000;1;0;1;4887.94;0
551;73.0;JS;Trifasico;47;3;150000;2;1;0;23126.4;0
552;70.1;GM;Monofasico;40;0;1200000;3;1;1;11857.98;1
553;86.0;GM;Trifasico;33;0;1200000;2;1;1;24872.14;1
554;75.1;JS;Trifasico;58;4;1200000;1;1;1;11371.7;1
555;76.1;SC;Trifasico;41;1;0;2;1;1;15787.01;0
556;67.1;SC;Trifasico;64;3;350000;1;0;1;3961.92;0
557;66.1;JS;Trifasico;67;0;1200000;2;1;1;12174.35;0
558;66.8;SC;Monofasico;12;3;2500000;2;1;0;7111.0;0
559;76.7;SC;Trifasico;78;5;0;1;0;1;21135.77;0
560;66.9;GM;Monofasico;19;9;150000;3;0;1;19922.11;0
561;75.5;SC;Monofasico;34;3;1200000;1;1;1;20868.23;0
562;96.9;GM;Monofasico;77;0;1200000;4;1;0;18504.82;1
563;82.5;SC;Trifasico;70;6;0;1;1;1;21068.06;0
564;68.1;JS;Monofasico;38;1;350000;1;0;1;6219.48;0
565;86.4;JS;Trifasico;28;8;2500000;1;0;1;12123.03;0
566;67.1;JS;Monofasico;52;2;150000;1;1;1;17758.4;0
567;47.5;SC;Monofasico;75;7;1200000;1;1;1;16478.72;0
568;59.9;JS;Monofasico;83;7;350000;2;1;1;;0
569;49.6;JS;Trifasico;70;2;2500000;2;1;1;6770.07;0
570;67.8;SC;Monofasico;52;3;2500000;2;0;1;3813.22;0
571;72.2;SC;Trifasico;34;1;150000;1;1;1;23044.95;0
572;92.1;SC;Monofasico;29;3;800000;2;0;0;14664.04;0
573;75.9;JS;Monofasico;57;8;2500000;1;1;1;5114.91;0
574;69.4;GM;Trifasico;33;1;800000;2;1;1;20145.76;0
575;82.0;SC;Monofasico;20;2;2500000;1;0;1;23000.85;0
576;45.5;SC;Trifasico;64;3;150000;3;0;1;5484.74;0
577;74.8;SC;Trifasico;37;4;0;2;0;1;20709.19;0
578;81.3;SC;Trifasico;78;0;150000;2;1;0;23430.79;0
579;54.3;SC;Trifasico;72;6;150000;1;1;1;23551.5;1
580;85.7;GM;Monofasico;68;9;0;1;0;1;22982.68;0
581;76.1;JS;Trifasico;14;6;0;1;1;1;14340.89;1
582;67.0;SC;Trifasico;60;8;350000;3;0;1;9870.97;0
583;79.6;JS;Monofasico;30;3;2500000;3;1;1;1670.91;0
584;99.2;JS;Monofasico;21;5;350000;1;1;1;2931.44;0
585;74.2;GM;Monofasico;59;1;0;2;1;1;11577.72;0
586;75.0;SC;Monofasico;13;3;800000;2;1;1;10884.16;0
587;66.5;GM;Monofasico;51;1;800000;2;1;1;5840.78;0
588;61.8;SC;Trifasico;47;9;150000;1;1;1;10793.78;0
589;82.0;GM;Trifasico;34;4;1200000;1;1;0;5604.28;0
590;61.7;SC;Monofasico;23;6;150000;1;1;1;21446.59;1
591;72.9;SC;Trifasico;84;0;150000;3;0;1;8507.58;1
592;66.3;JS;Monofasico;41;9;1200000;1;0;1;15566.26;0
593;77.7;SC;Trifasico;20;9;2500000;1;1;1;13316.81;0
594;76.0;SC;Trifasico;70;6;0;3;1;1;2719.23;1
595;84.5;JS;Trifasico;27;9;800000;2;1;1;23642.49;0
596;65.9;SC;Monofasico;36;5;150000;3;1;1;13889.81;0
597;68.8;JS;Monofasico;64;5;1200000;1;1;1;9138.85;1
598;60.3;JS;Monofasico;63;7;350000;1;1;1;5215.97;0
599;66.7;SC;Trifasico;84;7;150000;3;1;1;9455.38;0
600;76.5;JS;Trifasico;30;5;800000;1;1;1;1982.02;0
601;81.1;JS;Monofasico;53;2;0;1;1;0;10043.62;0
602;60.9;SC;Monofasico;14;4;150000;1;0;1;13989.92;1
603;82.4;JS;Trifasico;50;1;150000;1;1;1;21988.86;0
604;88.3;SC;Monofasico;68;4;2500000;1;1;1;17653.3;1
605;77.0;SC;Trifasico;63;8;1200000;3;1;0;4122.18;1
606;94.5;SC;Trifasico;83;9;350000;3;0;1;4972.04;0
607;62.7;JS;Trifasico;31;0;350000;3;0;1;11560.9;0
608;57.1;JS;Monofasico;74;9;0;1;1;1;6099.13;0
609;50.7;GM;Monofasico;73;4;800000;1;1;1;2154.47;0
610;90.0;GM;Trifasico;80;5;0;1;1;1;20417.85;0
611;79.9;JS;Monofasico;13;6;150000;3;1;1;1958.78;0
612;71.3;SC;Trifasico;74;8;150000;1;1;1;21021.21;0
613;75.4;JS;Trifasico;24;5;350000;2;1;1;4886.44;0
614;58.5;JS;Trifasico;31;4;800000;2;0;1;24404.94;0
615;101.3;JS;Trifasico;56;6;1200000;1;1;1;15691.04;1
616;73.6;SC;Trifasico;55;0;800000;1;1;0;18772.1;0
617;73.3;JS;Monofasico;23;4;150000;4;0;1;4096.37;1
618;80.7;SC;Monofasico;59;1;1200000;4;1;1;21759.45;0
619;77.8;JS;Trifasico;29;3;800000;1;1;0;21221.02;0
620;74.7;JS;Trifasico;59;6;800000;1;1;1;16845.33;0
621;62.5;JS;Trifasico;42;4;1200000;4;1;1;13303.46;0
622;77.7;JS;Trifasico;68;5;150000;1;1;1;18455.0;0
623;94.6;JS;Trifasico;52;1;800000;1;0;0;1639.31;0
624;88.1;JS;Monofasico;21;2;1200000;1;1;1;15422.36;0
625;91.1;JS;Trifasico;49;6;2500000;2;1;0;21414.04;0
626;65.9;JS;Monofasico;29;1;2500000;1;1;0;9887.15;0
627;60.1;SC;Monofasico;47;5;150000;1;1;1;4044.8;0
628;70.5;JS;Trifasico;12;4;1200000;1;0;1;11390.62;0
629;72.7;SC;Monofasico;37;9;2500000;2;0;1;18586.95;0
630;85.1;JS;Monofasico;65;0;1200000;4;1;0;4021.58;1
631;51.7;JS;Monofasico;22;9;800000;3;0;1;6342.14;1
632;90.4;SC;Trifasico;75;3;150000;3;1;0;4967.47;1
633;70.1;JS;Trifasico;46;1;2500000;2;1;1;20228.27;0
634;66.9;GM;Trifasico;58;3;800000;1;1;1;2977.98;0
635;59.9;SC;Trifasico;75;0;0;1;1;1;17634.78;0
636;52.1;SC;Trifasico;45;1;0;3;1;0;10111.74;0
637;81.9;JS;Monofasico;63;7;150000;1;1;1;19261.09;1
638;72.9;GM;Trifasico;35;5;2500000;1;0;1;24163.01;0
639;56.5;GM;Monofasico;84;1;2500000;2;0;1;4191.81;0
640;56.5;JS;Monofasico;81;5;2500000;1;0;0;8888.05;0
641;68.0;GM;Trifasico;49;9;1200000;1;1;1;20537.95;1
642;92.0;SC;Trifasico;52;8;800000;4;0;1;7754.72;0
643;68.9;SC;Monofasico;31;6;2500000;3;1;1;6555.33;0
644;54.0;JS;Monofasico;29;8;800000;1;1;1;20896.38;0
645;69.1;SC;Monofasico;17;4;150000;4;1;1;24696.44;0
646;68.7;SC;Trifasico;38;6;2500000;2;0;1;14586.69;1
647;39.6;GM;Trifasico;49;6;150000;2;1;0;8034.15;0
648;71.3;SC;Trifasico;39;2;2500000;1;0;0;10866.3;0
649;69.2;JS;Trifasico;64;6;0;1;1;1;5498.06;1
650;80.4;JS;Monofasico;25;0;350000;2;1;1;19404.35;0
651;94.2;GM;Monofasico;55;8;150000;3;1;1;19676.64;0
652;85.5;JS;Monofasico;71;9;2500000;2;1;1;22065.34;0
653;68.8;GM;Monofasico;16;5;350000;1;0;1;2125.16;0
654;58.7;JS;Monofasico;54;4;150000;1;1;1;14706.56;0
655;102.9;JS;Trifasico;68;6;1200000;3;1;1;6535.0;0
656;72.7;JS;Trifasico;65;4;2500000;1;1;1;9510.75;1
657;72.2;SC;Monofasico;57;9;1200000;2;1;1;19946.46;0
658;71.7;SC;Trifasico;36;4;0;1;1;1;6012.79;1
659;74.4;GM;Monofasico;62;9;2500000;1;1;1;16501.03;0
660;70.3;JS;Monofasico;82;6;0;2;1;1;16882.31;0
661;65.1;JS;Trifasico;44;9;350000;2;1;0;23921.21;1
662;65.4;JS;Monofasico;60;6;150000;1;1;0;19716.28;0
663;71.6;JS;Monofasico;46;2;800000;1;1;1;20385.43;0
664;65.5;JS;Monofasico;66;2;0;3;1;1;13992.62;0
665;63.4;JS;Monofasico;17;9;800000;1;0;1;5889.35;0
666;73.3;JS;Monofasico;29;2;800000;2;0;1;11500.74;0
667;68.9;JS;Trifasico;62;5;150000;4;1;0;14413.0;0
668;90.0;JS;Trifasico;21;5;350000;1;1;1;17442.85;0
669;40.2;JS;Monofasico;58;2;150000;3;1;0;15781.16;0
670;85.1;JS;Monofasico;26;2;2500000;1;0;0;10758.48;1
671;87.0;JS;Trifasico;73;7;0;2;0;1;7734.86;1
672;47.1;SC;Trifasico;51;7;800000;1;1;1;5453.42;0
673;67.9;SC;Monofasico;38;6;150000;4;1;1;17805.37;1
674;67.5;JS;Monofasico;28;9;150000;1;0;0;16666.87;0
675;55.1;JS;Monofasico;20;3;150000;1;1;1;17653.25;0
676;62.7;SC;Monofasico;59;3;0;4;1;1;10254.4;0
677;58.7;JS;Trifasico;80;2;350000;2;1;1;7666.58;0
678;93.0;GM;Trifasico;67;4;150000;2;1;1;19353.45;0
679;83.2;GM;Monofasico;43;2;0;1;1;1;19680.71;0
680;87.3;JS;Trifasico;29;7;800000;2;1;1;12206.98;0
681;80.7;SC;Trifasico;59;6;2500000;1;1;1;15879.75;0
682;58.5;SC;Trifasico;19;2;1200000;1;0;1;10277.71;1
683;65.7;JS;Monofasico;41;8;0;2;1;1;17995.76;0
684;77.9;JS;Monofasico;61;4;1200000;1;1;1;21139.46;0
685;57.3;SC;Trifasico;24;8;150000;4;1;1;17673.48;0
686;80.6;JS;Trifasico;12;6;150000;3;1;0;13545.69;0
687;69.1;SC;Monofasico;46;6;0;2;1;1;12278.46;0
688;67.5;SC;Monofasico;49;5;1200000;3;1;1;16594.51;0
689;80.5;SC;Trifasico;81;1;150000;2;0;1;17475.56;0
690;77.3;GM;Trifasico;49;8;800000;1;1;1;;1
691;67.7;JS;Trifasico;65;5;350000;2;1;1;16186.14;0
692;85.9;SC;Monofasico;32;7;350000;1;1;1;3769.83;1
693;59.0;SC;Trifasico;20;0;150000;1;1;1;23866.49;1
694;79.4;JS;Trifasico;73;4;1200000;3;1;1;20083.17;0
695;79.1;SC;Monofasico;17;0;2500000;2;0;1;10287.3;0
696;68.3;SC;Monofasico;65;9;150000;3;1;1;14726.1;0
697;75.9;JS;Trifasico;69;7;2500000;1;1;1;2612.13;0
698;57.0;JS;Monofasico;19;7;2500000;2;1;1;2468.85;0
699;83.1;JS;Trifasico;48;0;1200000;1;1;1;7393.76;0
700;69.8;JS;Monofasico;37;8;2500000;2;1;0;17707.99;0
701;65.7;SC;Trifasico;58;1;800000;2;1;1;21525.47;1
702;84.6;SC;Monofasico;45;8;1200000;2;1;0;14640.87;0
703;63.5;JS;Trifasico;22;0;150000;1;0;1;14005.12;1
704;55.1;JS;Monofasico;45;9;800000;1;1;0;10954.27;0
705;53.3;JS;Monofasico;35;8;0;1;0;1;5297.55;1
706;79.3;SC;Monofasico;13;3;350000;2;0;0;4281.32;0
707;56.6;JS;Monofasico;73;8;150000;3;0;1;19375.97;0
708;93.1;JS;Monofasico;47;6;150000;1;1;1;23296.33;0
709;47.0;JS;Trifasico;31;5;150000;2;1;1;12269.66;0
710;92.4;JS;Trifasico;11;4;800000;3;0;1;16996.97;0
711;74.5;GM;Monofasico;40;8;0;2;0;1;22989.75;0
712;70.8;JS;Trifasico;20;1;1200000;2;1;1;3617.67;0
713;65.5;JS;Monofasico;55;1;0;3;0;1;19606.31;0
714;76.8;GM;Monofasico;71;8;800000;1;1;1;15995.2;0
715;71.5;JS;Trifasico;78;2;150000;1;0;1;15567.97;0
716;85.2;JS;Monofasico;73;7;350000;1;1;1;8374.7;0
717;73.4;JS;Trifasico;19;8;150000;4;1;1;17571.49;1
718;73.8;SC;Monofasico;49;7;1200000;3;1;1;20177.75;0
719;67.6;SC;Trifasico;33;3;2500000;2;1;1;4152.17;0
720;71.3;JS;Trifasico;53;0;350000;1;1;1;14037.75;1
721;75.7;SC;Monofasico;69;3;150000;1;0;1;3879.73;0
722;51.5;JS;Monofasico;71;8;350000;1;1;1;22005.49;0
723;55.8;JS;Monofasico;26;1;2500000;1;1;0;13429.46;0
724;80.9;SC;Trifasico;74;2;0;2;0;1;20487.19;0
725;74.1;GM;Trifasico;66;9;800000;4;0;1;10150.01;0
726;69.8;JS;Monofasico;64;7;150000;3;1;0;4439.34;0
727;72.2;JS;Trifasico;62;5;1200000;2;0;1;2475.23;0
728;76.2;JS;Monofasico;65;7;0;1;1;1;8115.48;0
729;65.5;JS;Monofasico;18;6;150000;1;1;1;7239.49;0
730;62.7;SC;Monofasico;31;4;0;1;1;1;14668.27;1
731;74.4;SC;Monofasico;22;8;1200000;2;1;1;2010.86;0
732;60.3;JS;Trifasico;57;3;150000;3;1;1;13733.41;1
733;76.9;SC;Monofasico;27;5;2500000;1;0;1;10706.64;1
734;51.6;JS;Trifasico;49;1;2500000;1;1;1;15062.37;0
735;84.3;JS;Monofasico;26;1;1200000;1;0;1;18006.81;0
736;77.7;JS;Trifasico;24;1;350000;1;1;0;16401.16;0
737;75.1;JS;Monofasico;24;9;1200000;1;1;1;24639.14;1
738;83.8;JS;Monofasico;72;6;350000;1;0;1;4749.24;0
739;92.0;JS;Trifasico;48;1;150000;1;1;1;11598.82;1
740;84.2;JS;Trifasico;22;1;350000;3;0;0;11483.52;0
741;49.9;SC;Monofasico;41;8;150000;2;1;1;11300.75;0
742;56.6;JS;Trifasico;18;6;150000;1;1;1;17099.26;0
743;64.5;JS;Trifasico;49;2;800000;1;1;1;13010.96;0
744;72.3;JS;Trifasico;29;2;150000;1;0;1;13659.67;0
745;78.2;SC;Trifasico;82;6;350000;1;1;1;11660.37;0
746;63.3;SC;Monofasico;72;4;800000;1;1;1;24804.94;0
747;74.2;SC;Monofasico;53;9;800000;2;1;0;23297.69;0
748;62.9;JS;Trifasico;47;5;150000;2;1;1;8731.52;1
749;64.7;JS;Trifasico;69;7;1200000;2;0;1;4122.46;1
750;55.1;JS;Trifasico;80;8;1200000;1;1;1;21234.47;0
751;60.9;GM;Trifasico;57;0;2500000;3;1;1;24933.5;0
752;55.8;SC;Trifasico;27;2;800000;1;1;1;8376.31;0
753;60.3;GM;Trifasico;25;6;150000;1;1;0;9907.95;0
754;84.6;SC;Trifasico;64;5;1200000;2;1;1;23628.38;0
755;60.6;JS;Monofasico;48;6;150000;2;1;1;18211.54;0
756;103.6;JS;Trifasico;77;7;150000;3;0;1;8447.5;1
757;77.9;JS;Monofasico;68;5;800000;2;0;0;15154.59;1
758;74.2;JS;Monofasico;71;2;2500000;3;1;1;23689.4;0
759;61.7;GM;Monofasico;22;1;800000;3;1;1;20577.61;0
760;80.4;JS;Monofasico;15;6;0;2;1;1;18933.07;0
761;65.1;JS;Trifasico;69;0;1200000;2;1;0;18819.41;0
762;73.5;JS;Monofasico;23;2;1200000;2;1;0;5683.48;0
763;102.7;JS;Monofasico;63;3;1200000;4;0;1;20880.01;0
764;70.8;JS;Trifasico;13;0;350000;2;1;1;7988.79;0
765;85.8;JS;Monofasico;48;4;150000;1;1;1;23363.62;1
766;63.6;GM;Monofasico;81;9;800000;2;0;1;10069.04;0
767;71.6;JS;Trifasico;34;2;1200000;1;0;0;21655.02;1
768;93.2;JS;Trifasico;41;1;0;1;1;1;7756.49;1
769;64.5;GM;Trifasico;68;2;1200000;1;0;0;13591.38;1
770;93.7;GM;Monofasico;72;7;2500000;2;1;1;4011.8;0
771;80.5;JS;Monofasico;47;5;150000;3;0;1;17012.79;0
772;65.3;JS;Monofasico;62;6;150000;1;1;1;21147.86;0
773;79.6;JS;Monofasico;76;5;800000;1;1;1;18383.51;0
774;83.7;JS;Trifasico;37;5;350000;1;1;1;13796.58;0
775;79.5;SC;Trifasico;12;2;800000;2;0;1;2560.22;0
776;53.2;SC;Monofasico;31;7;1200000;1;0;1;23435.86;0
777;63.3;JS;Monofasico;47;6;2500000;1;1;1;18079.0;0
778;69.0;GM;Monofasico;81;6;0;1;1;1;;1
779;71.1;JS;Trifasico;81;5;800000;1;0;1;20174.99;0
780;79.4;GM;Trifasico;71;4;350000;1;0;1;19071.97;0
781;74.1;GM;Monofasico;66;9;800000;2;1;1;11866.23;0
782;56.0;JS;Monofasico;15;7;150000;1;1;1;18740.11;0
783;76.6;GM;Monofasico;41;4;1200000;2;0;1;16188.13;0
784;79.3;GM;Monofasico;19;8;1200000;1;0;1;21569.38;0
785;78.7;SC;Trifasico;12;8;1200000;1;1;1;20357.81;0
786;85.0;JS;Monofasico;68;0;1200000;1;1;1;2472.3;0
787;82.0;JS;Monofasico;58;5;1200000;2;1;1;10403.85;0
788;77.5;SC;Monofasico;68;6;1200000;3;1;1;2315.83;0
789;71.2;SC;Monofasico;40;2;0;3;0;1;3898.76;0
790;52.1;SC;Trifasico;78;6;350000;2;1;0;15633.15;0
791;77.2;SC;Trifasico;71;6;1200000;1;1;1;22034.81;0
792;74.5;JS;Monofasico;61;1;350000;3;1;1;4315.88;1
793;75.3;JS;Trifasico;50;6;2500000;2;1;1;12100.6;1
794;56.7;JS;Monofasico;40;0;1200000;1;0;1;22905.65;0
795;59.0;JS;Trifasico;31;4;800000;3;1;0;20636.07;0
796;84.6;SC;Monofasico;13;8;1200000;1;1;1;13712.2;0
797;71.5;SC;Monofasico;22;6;150000;1;1;1;19631.93;0
798;80.2;GM;Monofasico;54;6;0;1;1;1;13783.3;0
799;72.3;JS;Trifasico;51;1;800000;1;0;1;5215.17;0
800;72.4;JS;Monofasico;58;7;800000;2;1;1;4431.3;0
801;83.3;SC;Trifasico;29;2;150000;1;1;1;5926.65;0
802;65.8;JS;Trifasico;63;7;1200000;1;1;1;9746.67;0
803;73.2;SC;Monofasico;45;2;0;1;1;1;23367.44;0
804;66.5;JS;Monofasico;10;9;800000;2;1;0;20292.44;0
805;66.8;JS;Monofasico;24;6;0;2;1;1;11670.84;0
806;68.3;JS;Trifasico;26;1;800000;1;0;1;13087.3;0
807;74.7;SC;Trifasico;33;3;1200000;1;0;0;7741.82;0
808;66.3;SC;Trifasico;67;5;2500000;1;1;1;18052.29;0
809;87.1;SC;Trifasico;81;8;800000;3;0;0;20364.99;0
810;61.3;SC;Trifasico;32;4;2500000;1;1;1;7114.26;0
811;69.8;JS;Monofasico;55;8;800000;1;1;1;2482.81;0
812;66.7;JS;Trifasico;81;4;350000;1;1;1;16161.39;0
813;89.4;JS;Monofasico;17;9;1200000;2;0;1;14719.03;0
814;74.4;GM;Monofasico;68;7;150000;2;1;1;10950.08;0
815;84.4;SC;Monofasico;68;0;2500000;1;0;1;16631.51;0
816;54.2;SC;Monofasico;22;6;150000;1;1;1;14439.41;1
817;75.2;JS;Monofasico;48;3;1200000;1;1;1;7388.67;1
818;82.7;JS;Trifasico;37;4;150000;3;1;1;10846.63;0
819;73.0;JS;Trifasico;70;5;1200000;3;1;1;11560.67;1
820;84.8;SC;Trifasico;25;4;150000;2;0;0;22185.83;0
821;65.8;GM;Monofasico;11;0;2500000;2;1;1;24081.25;0
822;88.9;SC;Monofasico;26;8;350000;1;0;0;22485.53;0
823;99.6;JS;Trifasico;39;1;150000;2;1;1;18400.68;1
824;67.6;SC;Monofasico;22;8;2500000;2;0;1;15247.33;0
825;66.7;JS;Monofasico;22;9;800000;1;1;0;17697.65;1
826;89.4;JS;Trifasico;52;1;1200000;3;1;1;23569.07;0
827;91.0;GM;Monofasico;30;8;0;1;1;1;7374.97;0
828;65.7;SC;Trifasico;64;5;0;1;1;1;14075.33;0
829;67.0;JS;Trifasico;49;8;1200000;2;1;1;17705.79;0
830;68.6;SC;Monofasico;24;5;350000;2;0;1;17462.3;0
831;55.9;JS;Trifasico;82;5;150000;2;1;0;7428.56;0
832;61.0;SC;Monofasico;61;1;350000;1;0;1;15288.19;0
833;60.0;SC;Trifasico;83;7;0;3;1;1;20203.96;0
834;62.8;JS;Trifasico;62;2;2500000;2;1;1;12664.36;0
835;71.6;SC;Monofasico;61;6;1200000;1;1;1;20142.5;1
836;74.8;JS;Trifasico;39;4;1200000;4;1;1;9957.24;0
837;90.6;JS;Trifasico;42;2;350000;2;1;1;23560.86;0
838;60.0;JS;Trifasico;66;0;2500000;1;1;1;14047.32;0
839;83.8;GM;Monofasico;61;7;350000;2;0;0;15504.78;0
840;69.4;SC;Trifasico;18;2;150000;1;1;1;2237.0;1
841;71.4;JS;Trifasico;63;1;800000;1;1;1;5501.32;1
842;80.1;JS;Trifasico;10;0;2500000;1;1;0;16373.95;0
843;58.5;GM;Trifasico;53;3;800000;4;1;1;11366.95;0
844;76.6;SC;Monofasico;84;7;150000;1;0;1;13441.85;1
845;74.0;SC;Monofasico;18;2;800000;2;1;1;2979.83;1
846;77.9;JS;Trifasico;41;0;0;1;1;1;21102.18;1
847;75.5;JS;Monofasico;24;3;800000;2;0;1;19935.88;1
848;101.5;JS;Trifasico;21;8;150000;2;0;0;5855.82;0
849;64.3;SC;Monofasico;66;0;800000;2;1;1;16406.74;0
850;65.6;JS;Monofasico;17;1;1200000;1;1;0;20730.41;0
851;64.5;JS;Trifasico;81;8;350000;2;1;1;16560.07;0
852;65.3;SC;Monofasico;36;1;0;4;1;1;8794.36;0
853;64.4;JS;Monofasico;71;2;1200000;2;1;1;16918.61;0
854;86.3;SC;Trifasico;21;6;1200000;1;0;0;6445.85;0
855;89.0;SC;Trifasico;74;2;150000;3;1;1;8978.99;0
856;65.2;SC;Trifasico;51;8;350000;1;0;1;7141.64;0
857;62.0;JS;Monofasico;71;5;350000;2;1;1;14587.74;0
858;77.7;GM;Monofasico;20;2;2500000;3;1;1;4043.33;0
859;65.4;SC;Monofasico;52;8;0;1;1;1;23432.79;1
860;79.6;SC;Monofasico;26;0;150000;1;1;1;9337.54;1
861;74.4;GM;Monofasico;41;9;0;1;1;0;6645.8;0
862;53.8;JS;Monofasico;49;2;2500000;2;0;0;13168.92;0
863;90.6;SC;Monofasico;32;0;800000;2;1;1;8009.45;0
864;93.6;JS;Trifasico;65;1;1200000;1;0;0;14070.25;0
865;64.6;JS;Monofasico;15;7;0;1;1;1;9689.97;0
866;67.3;JS;Monofasico;59;6;1200000;1;1;1;4603.57;0
867;75.4;SC;Trifasico;46;1;150000;1;1;1;7748.54;1
868;76.0;SC;Monofasico;73;1;800000;1;1;0;11803.34;0
869;79.9;JS;Trifasico;63;8;150000;3;1;1;2211.89;0
870;96.1;JS;Trifasico;81;5;800000;1;0;1;19610.1;0
871;69.9;JS;Monofasico;58;4;800000;3;1;1;16112.88;0
872;62.4;GM;Trifasico;20;9;1200000;2;1;1;15631.95;0
873;55.4;SC;Trifasico;58;5;150000;1;1;0;14332.17;1
874;63.2;GM;Trifasico;30;8;150000;2;1;0;15372.36;0
875;71.6;JS;Monofasico;75;6;0;2;1;0;23464.32;0
876;93.5;JS;Trifasico;72;9;150000;1;1;1;1701.38;0
877;65.8;SC;Monofasico;37;9;0;1;0;1;2623.29;0
878;74.7;GM;Trifasico;26;8;350000;1;1;0;6000.1;0
879;71.8;JS;Monofasico;15;3;350000;1;1;1;5431.58;0
880;86.3;JS;Monofasico;28;1;350000;1;1;1;5758.07;0
881;102.3;JS;Trifasico;65;7;2500000;1;1;1;17290.68;0
882;65.6;GM;Trifasico;37;3;150000;1;0;1;12297.86;1
883;66.1;SC;Trifasico;75;8;2500000;1;0;1;24806.8;0
884;84.5;GM;Monofasico;47;3;150000;1;0;1;6831.82;0
885;80.2;JS;Trifasico;46;7;0;1;1;1;8804.51;0
886;94.2;SC;Trifasico;77;8;2500000;1;0;0;24629.66;0
887;79.0;JS;Trifasico;58;8;2500000;4;1;0;21046.32;0
888;67.7;JS;Trifasico;52;9;2500000;1;1;1;12540.28;0
889;79.1;JS;Trifasico;45;3;800000;2;1;0;14533.03;0
890;85.3;SC;Monofasico;67;0;0;1;1;1;21314.68;0
891;81.8;SC;Monofasico;22;2;350000;3;0;1;;0
892;78.1;JS;Trifasico;61;8;0;1;0;1;6341.56;0
893;84.8;JS;Monofasico;67;3;800000;4;1;1;20968.45;0
894;86.0;JS;Trifasico;41;4;150000;2;0;1;14137.65;0
895;88.6;GM;Monofasico;69;6;0;1;1;1;5096.5;1
896;79.8;JS;Monofasico;67;4;2500000;3;1;1;13381.27;0
897;70.0;JS;Monofasico;65;3;350000;2;1;0;11210.28;0
898;73.8;GM;Monofasico;37;1;350000;1;0;1;22105.8;0
899;86.5;SC;Trifasico;10;1;150000;2;1;0;4462.3;0
900;62.2;SC;Monofasico;51;3;0;3;0;1;22067.43;0
901;76.4;GM;Monofasico;57;9;800000;1;1;1;13536.96;1
902;67.3;JS;Trifasico;49;9;150000;1;1;1;11002.56;0
903;72.3;SC;Monofasico;72;8;0;2;1;1;5306.23;1
904;87.3;JS;Trifasico;81;7;1200000;2;1;1;17969.22;0
905;74.3;SC;Monofasico;13;2;350000;3;1;1;23279.96;0
906;72.6;GM;Trifasico;47;8;800000;2;1;1;10321.37;0
907;55.7;GM;Trifasico;36;4;2500000;1;1;1;7177.25;0
908;81.0;SC;Monofasico;18;2;800000;3;0;1;14539.37;0
909;79.7;JS;Monofasico;25;4;2500000;1;1;1;20210.37;1
910;98.0;JS;Trifasico;65;9;800000;1;1;1;1588.54;0
911;68.3;JS;Trifasico;40;3;350000;2;0;1;16337.37;1
912;74.6;JS;Monofasico;23;7;2500000;2;0;0;15518.13;1
913;75.0;JS;Trifasico;34;4;0;1;0;1;8976.58;1
914;90.9;SC;Trifasico;43;9;2500000;2;0;1;12108.44;0
915;70.9;SC;Monofasico;76;7;150000;1;1;1;7303.64;0
916;75.3;SC;Monofasico;33;8;0;1;1;1;20062.31;0
917;79.3;SC;Trifasico;82;3;150000;3;1;1;16411.57;0
918;74.2;SC;Monofasico;35;6;800000;1;1;0;14018.72;0
919;66.6;JS;Monofasico;29;1;0;1;1;1;10724.37;0
920;74.3;JS;Monofasico;73;5;800000;1;0;1;8347.53;0
921;84.9;SC;Trifasico;19;7;1200000;4;1;0;20834.31;1
922;59.7;SC;Trifasico;76;6;800000;1;1;1;12108.08;1
923;73.6;JS;Trifasico;33;6;800000;1;1;1;13284.01;0
924;63.6;SC;Trifasico;14;7;150000;2;1;1;13739.48;0
925;86.3;JS;Monofasico;76;6;2500000;1;1;1;12036.62;0
926;53.7;JS;Trifasico;67;4;1200000;1;0;0;7518.08;0
927;65.3;JS;Monofasico;36;6;800000;2;1;1;4328.0;0
928;76.5;GM;Trifasico;24;9;800000;1;0;1;3815.63;0
929;90.8;GM;Trifasico;44;2;1200000;4;1;1;19300.37;0
930;71.2;SC;Monofasico;62;4;1200000;1;1;0;6752.9;0
931;65.3;GM;Trifasico;53;6;0;1;0;1;2808.31;0
932;94.6;JS;Trifasico;35;8;150000;1;1;1;20241.66;0
933;54.6;SC;Monofasico;56;1;1200000;1;0;1;5120.45;1
934;45.6;JS;Trifasico;43;3;1200000;2;1;0;16190.93;0
935;77.3;JS;Monofasico;59;6;350000;1;1;0;9458.12;0
936;66.0;JS;Monofasico;21;0;2500000;1;1;0;4472.29;0
937;59.7;JS;Trifasico;13;1;1200000;2;0;1;11240.3;0
938;80.5;SC;Monofasico;57;8;150000;2;1;1;1848.01;0
939;74.9;SC;Trifasico;64;9;2500000;1;1;1;21264.56;0
940;65.2;GM;Trifasico;10;6;2500000;1;1;1;13567.2;0
941;56.6;SC;Trifasico;75;9;800000;1;0;1;4770.26;0
942;82.5;JS;Trifasico;39;6;800000;1;1;1;7069.04;0
943;79.8;SC;Monofasico;12;5;800000;1;1;1;12027.42;0
944;70.8;JS;Trifasico;30;2;800000;2;0;0;5938.43;0
945;94.2;SC;Trifasico;58;9;350000;3;1;1;7812.08;0
946;59.2;JS;Trifasico;71;2;1200000;1;1;1;14058.06;0
947;53.7;SC;Monofasico;47;1;800000;1;1;1;21066.31;1
948;63.7;SC;Trifasico;24;5;0;1;1;1;10943.23;1
949;71.5;SC;Trifasico;61;3;800000;1;1;1;18348.92;0
950;74.9;JS;Monofasico;55;4;1200000;1;1;1;22102.08;1
951;69.1;JS;Trifasico;34;2;800000;3;0;1;;0
952;76.2;JS;Trifasico;30;5;350000;2;1;0;20469.01;1
953;57.0;JS;Trifasico;14;2;150000;4;1;0;19298.95;0
954;89.3;JS;Trifasico;79;7;150000;3;1;0;9888.03;0
955;71.0;JS;Monofasico;56;8;1200000;1;1;1;24753.72;1
956;85.4;JS;Trifasico;77;3;150000;2;1;1;7670.45;0
957;76.1;JS;Trifasico;27;8;150000;1;1;1;7487.88;0
958;77.5;SC;Trifasico;30;6;0;1;1;1;19648.09;0
959;78.8;GM;Monofasico;32;2;1200000;3;1;1;11714.45;0
960;77.4;JS;Monofasico;73;6;1200000;1;1;0;9273.68;0
961;79.7;SC;Trifasico;76;0;150000;3;0;1;5698.58;0
962;87.9;JS;Monofasico;49;2;150000;1;0;1;19485.31;1
963;74.4;JS;Monofasico;19;5;150000;3;1;1;19978.56;0
964;80.5;SC;Monofasico;61;3;2500000;3;1;1;14814.25;1
965;70.9;SC;Monofasico;81;6;350000;2;1;1;23996.87;1
966;89.3;SC;Trifasico;84;2;800000;2;0;0;8976.84;0
967;63.9;SC;Trifasico;70;0;350000;1;0;1;6661.05;0
968;93.6;GM;Trifasico;73;8;1200000;3;0;1;17420.47;1
969;71.5;JS;Trifasico;14;5;0;4;0;0;19322.6;0
970;54.8;JS;Monofasico;62;7;800000;2;0;1;6785.29;0
971;73.5;GM;Trifasico;64;2;0;2;1;1;3300.35;0
972;63.8;JS;Trifasico;46;7;2500000;2;1;0;20547.14;0
973;82.1;SC;Monofasico;65;1;1200000;3;1;0;24447.8;0
974;64.2;GM;Trifasico;68;3;2500000;2;1;0;16649.8;0
975;66.6;SC;Trifasico;78;2;1200000;3;1;1;8029.87;0
976;49.3;JS;Trifasico;82;9;0;2;0;0;24921.81;0
977;66.6;JS;Trifasico;68;0;0;1;0;1;22491.77;1
978;42.9;SC;Monofasico;11;6;0;1;1;0;13564.45;0
979;53.0;SC;Trifasico;74;9;1200000;1;1;1;20895.05;1
980;81.1;SC;Trifasico;69;1;150000;1;1;1;20671.78;0
981;81.4;JS;Trifasico;60;3;0;1;1;1;23467.78;0
982;77.1;JS;Trifasico;39;8;2500000;2;1;0;21261.71;0
983;60.4;GM;Monofasico;20;5;800000;1;1;1;16626.46;1
984;71.4;JS;Trifasico;48;7;1200000;1;1;1;15818.64;0
985;72.0;JS;Trifasico;81;1;2500000;2;1;1;12482.9;0
986;58.1;SC;Monofasico;72;6;350000;4;1;1;16222.41;1
987;90.0;JS;Monofasico;73;5;350000;2;1;1;20187.59;0
988;82.5;JS;Trifasico;70;8;800000;4;0;1;24272.38;0
989;69.3;SC;Monofasico;63;6;150000;2;1;0;12481.25;0
990;72.3;JS;Monofasico;82;0;0;1;1;1;14980.85;1
991;74.5;JS;Monofasico;67;7;1200000;2;1;1;11952.93;0
992;47.5;GM;Trifasico;65;9;2500000;2;1;1;17209.48;0
993;69.0;JS;Monofasico;43;2;0;1;1;1;16303.13;1
994;63.8;GM;Trifasico;40;1;2500000;1;1;1;1919.09;0
995;60.0;GM;Trifasico;61;2;1200000;2;1;1;14217.3;0
996;68.6;JS;Trifasico;10;5;350000;1;1;0;3579.44;0
997;93.6;JS;Trifasico;64;2;0;2;0;1;2120.02;0
998;79.7;SC;Monofasico;31;9;800000;1;1;1;20093.13;0
999;65.1;JS;Trifasico;49;4;150000;2;1;1;7578.27;1
